21,,service,https://firebasestorage.googleapis.com/v0/b/luandry-2f439.appspot.com/o/service%2Fgiat_nhanh.jpg?alt=media&token=0cbf1513-21dd-47e8-afd7-a60b6988cb54
22,,service,https://firebasestorage.googleapis.com/v0/b/luandry-2f439.appspot.com/o/service%2Fgiat_ngam.jpg?alt=media&token=d54922d6-5714-48cb-89fc-533b1395047f
23,,service,https://firebasestorage.googleapis.com/v0/b/luandry-2f439.appspot.com/o/service%2Fgiat_lua.jpg?alt=media&token=aabff91c-b201-4406-a393-cb54ca33829c
24,,service,https://firebasestorage.googleapis.com/v0/b/luandry-2f439.appspot.com/o/service%2Fgiat_lua.jpg?alt=media&token=aabff91c-b201-4406-a393-cb54ca33829c
25,,service,https://firebasestorage.googleapis.com/v0/b/luandry-2f439.appspot.com/o/service%2Fgiat_ban.jpg?alt=media&token=178d0c83-45d7-4c60-b9e1-2a124c77a23b
26,,service,https://firebasestorage.googleapis.com/v0/b/luandry-2f439.appspot.com/o/service%2Fgiat-cotton.jpg?alt=media&token=d200e4f0-96d2-4d66-b811-29b86118011f
27,,service,https://firebasestorage.googleapis.com/v0/b/luandry-2f439.appspot.com/o/service%2Fgiat-cotton.jpg?alt=media&token=d200e4f0-96d2-4d66-b811-29b86118011f
28,,service,https://firebasestorage.googleapis.com/v0/b/luandry-2f439.appspot.com/o/service%2Fgiat_len.jpg?alt=media&token=adbbf6ab-849c-4ae5-a9c9-dd7519de9d42
29,,service,https://firebasestorage.googleapis.com/v0/b/luandry-2f439.appspot.com/o/service%2Fgiat_chan.jpg?alt=media&token=c4f2666a-0c43-45c2-8bd4-b87c05063489
30,,service,https://firebasestorage.googleapis.com/v0/b/luandry-2f439.appspot.com/o/service%2Fgiat_thuong.jpg?alt=media&token=08d1b443-6f44-4c30-b19a-d419e3bef34d
31,,product,https://firebasestorage.googleapis.com/v0/b/luandry-2f439.appspot.com/o/product%2Fao_khoac_nu.jpg?alt=media&token=9de7e836-ffdc-462b-a985-21b5b74290ea
